pos	cumulative
1	0.0
2	3.89135474792e-05
3	0.000155124473291
4	0.000347840489407
5	0.000616272357016
6	0.000959633886525
7	0.00137714193755
8	0.00186801641894
9	0.00243148028874
10	0.00306675955422
11	0.00377308327187
12	0.00454968354739
13	0.0053957955357
14	0.00631065744094
15	0.00729351051645
16	0.00834359906481
17	0.0094601704378
18	0.0106424750364
19	0.0118897663109
20	0.0132013007606
21	0.0145763379343
22	0.0160141404298
23	0.0175139738941
24	0.0190751070236
25	0.0206968115638
26	0.0223783623095
27	0.0241190371044
28	0.025918116842
29	0.0277748854644
30	0.0296886299633
31	0.0316586403796
32	0.0336842098032
33	0.0357646343733
34	0.0378992132786
35	0.0400872487565
36	0.0423280460941
37	0.0446209136274
38	0.0469651627417
39	0.0493601078717
40	0.051805066501
41	0.0542993591626
42	0.0568423094388
43	0.0594332439608
44	0.0620714924095
45	0.0647563875145
46	0.067487265055
47	0.0702634638592
48	0.0730843258046
49	0.0759491958179
50	0.078857421875
51	0.0818083550011
52	0.0848013492705
53	0.0878357618069
54	0.0909109527829
55	0.0940262854206
56	0.0971811259912
57	0.100374843815
58	0.103606811262
59	0.106876403751
60	0.110182999749
61	0.113525980775
62	0.116904731395
63	0.120318639224
64	0.123767094928
65	0.12724949222
66	0.130765227864
67	0.134313701673
68	0.137894316508
69	0.141506478281
70	0.145149595951
71	0.148823081529
72	0.152526350072
73	0.156258819689
74	0.160019911536
75	0.163809049821
76	0.167625661799
77	0.171469177774
78	0.1753390311
79	0.179234658181
80	0.183155498469
81	0.187100994466
82	0.191070591722
83	0.195063738838
84	0.199079887463
85	0.203118492295
86	0.207179011082
87	0.211260904621
88	0.215363636758
89	0.219486674388
90	0.223629487457
91	0.227791548957
92	0.231972334932
93	0.236171324474
94	0.240387999725
95	0.244621845874
96	0.248872351163
97	0.25313900688
98	0.257421307363
99	0.26171875
100	0.266030835228
101	0.270357066532
102	0.274696950448
103	0.27904999656
104	0.283415717502
105	0.287793628956
106	0.292183249655
107	0.29658410138
108	0.300995708961
109	0.305417600278
110	0.30984930626
111	0.314290360885
112	0.31874030118
113	0.323198667222
114	0.327665002137
115	0.332138852099
116	0.336619766333
117	0.341107297112
118	0.345600999759
119	0.350100432646
120	0.354605157194
121	0.359114737872
122	0.363628742201
123	0.368146740749
124	0.372668307135
125	0.377193018024
126	0.381720453135
127	0.386250195231
128	0.390781830129
129	0.395314946691
130	0.399849136832
131	0.404383995513
132	0.408919120747
133	0.413454113594
134	0.417988578164
135	0.422522121617
136	0.427054354161
137	0.431584889053
138	0.436113342602
139	0.440639334162
140	0.44516248614
141	0.44968242399
142	0.454198776216
143	0.45871117437
144	0.463219253055
145	0.467722649923
146	0.472221005674
147	0.476713964059
148	0.481201171875
149	0.485682278972
150	0.490156938247
151	0.494624805647
152	0.499085540168
153	0.503538803855
154	0.507984261802
155	0.512421582153
156	0.516850436102
157	0.521270497889
158	0.525681444806
159	0.530082957195
160	0.534474718443
161	0.538856414992
162	0.543227736327
163	0.547588374988
164	0.55193802656
165	0.556276389679
166	0.560603166031
167	0.564918060349
168	0.569220780417
169	0.573511037068
170	0.577788544183
171	0.582053018694
172	0.58630418058
173	0.590541752872
174	0.594765461648
175	0.598975036037
176	0.603170208214
177	0.607350713407
178	0.611516289891
179	0.615666678992
180	0.619801625082
181	0.623920875586
182	0.628024180976
183	0.632111294773
184	0.636181973549
185	0.640235976923
186	0.644273067565
187	0.648293011193
188	0.652295576576
189	0.656280535529
190	0.66024766292
191	0.664196736664
192	0.668127537725
193	0.672039850118
194	0.675933460905
195	0.679808160198
196	0.68366374116
197	0.6875
198	0.691316735979
199	0.695113751406
200	0.698890851639
201	0.702647845086
202	0.706384543204
203	0.710100760498
204	0.713796314524
205	0.717471025886
206	0.721124718239
207	0.724757218284
208	0.728368355774
209	0.73195796351
210	0.735525877343
211	0.739071936172
212	0.742595981947
213	0.746097859666
214	0.749577417375
215	0.753034506173
216	0.756468980203
217	0.759880696662
218	0.763269515794
219	0.766635300892
220	0.769977918299
221	0.773297237407
222	0.776593130656
223	0.779865473538
224	0.783114144592
225	0.786339025406
226	0.789540000619
227	0.792716957917
228	0.795869788038
229	0.798998384766
230	0.802102644938
231	0.805182468435
232	0.808237758193
233	0.811268420194
234	0.814274363468
235	0.817255500098
236	0.820211745213
237	0.823143016992
238	0.826049236665
239	0.828930328509
240	0.831786219851
241	0.834616841067
242	0.837422125583
243	0.840202009873
244	0.842956433462
245	0.845685338921
246	0.848388671875
247	0.851066380994
248	0.853718417998
249	0.856344737659
250	0.858945297794
251	0.861520059273
252	0.864068986013
253	0.866592044981
254	0.869089206193
255	0.871560442714
256	0.874005730659
257	0.876425049191
258	0.878818380523
259	0.881185709918
260	0.883527025686
261	0.885842319188
262	0.888131584835
263	0.890394820085
264	0.892632025445
265	0.894843204475
266	0.89702836378
267	0.899187513015
268	0.901320664887
269	0.90342783515
270	0.905509042606
271	0.907564309109
272	0.909593659561
273	0.911597121913
274	0.913574727164
275	0.915526509366
276	0.917452505616
277	0.919352756062
278	0.921227303902
279	0.923076195383
280	0.924899479799
281	0.926697209496
282	0.928469439868
283	0.930216229358
284	0.931937639459
285	0.933633734712
286	0.935304582708
287	0.936950254088
288	0.938570822541
289	0.940166364806
290	0.94173696067
291	0.94328269297
292	0.944803647594
293	0.946299913475
294	0.947771582599
295	0.94921875
296	0.950641513761
297	0.952039975014
298	0.953414237941
299	0.954764409772
300	0.956090600788
301	0.957392924318
302	0.95867149674
303	0.959926437481
304	0.96115786902
305	0.962365916881
306	0.96355070964
307	0.964712378921
308	0.965851059399
309	0.966966888796
310	0.968060007885
311	0.969130560486
312	0.97017869347
313	0.971204556757
314	0.972208303317
315	0.973190089167
316	0.974150073374
317	0.975088418056
318	0.976005288379
319	0.976900852557
320	0.977775281854
321	0.978628750585
322	0.979461436112
323	0.980273518846
324	0.98106518225
325	0.981836612834
326	0.982588000156
327	0.983319536827
328	0.984031418503
329	0.984723843893
330	0.985397014753
331	0.986051135888
332	0.986686415154
333	0.987303063454
334	0.987901294741
335	0.98848132602
336	0.98904337734
337	0.989587671803
338	0.99011443556
339	0.99062389781
340	0.991116290801
341	0.991591849831
342	0.992050813248
343	0.992493422447
344	0.992919921875
345	0.993330559025
346	0.993725584443
347	0.99410525172
348	0.994469817499
349	0.994819541472
350	0.995154686381
351	0.995475518013
352	0.99578230521
353	0.996075319859
354	0.996354836899
355	0.996621134315
356	0.996874493144
357	0.997115197472
358	0.997343534432
359	0.99755979421
360	0.997764270036
361	0.997957258195
362	0.998139058017
363	0.998309971883
364	0.998470305222
365	0.998620366514
366	0.998760467287
367	0.998890922118
368	0.999012048635
369	0.999124167512
370	0.999227602476
371	0.9993226803
372	0.999409730809
373	0.999489086874
374	0.999561084418
375	0.999626062412
376	0.999684362877
377	0.999736330881
378	0.999782314545
379	0.999822665035
380	0.99985773657
381	0.999887886416
382	0.999913474889
383	0.999934865352
384	0.999952424222
385	0.999966520961
386	0.999977528081
387	0.999985821144
388	0.999991778762
389	0.999995782595
390	0.999998217352
391	0.999999470792
392	0.999999933722
393	1.0
